{
    "epoch": 2.608695652173913,
    "eval_loss": 1.3803454637527466,
    "eval_runtime": 0.6422,
    "eval_samples_per_second": 15.57,
    "eval_steps_per_second": 15.57
}