{
    "epoch": 2.608695652173913,
    "total_flos": 2515551762382848.0,
    "train_loss": 1.4658370653788249,
    "train_runtime": 59.5758,
    "train_samples_per_second": 4.532,
    "train_steps_per_second": 0.252
}